user_id,timestamp,event,variant
1,2026-01-01,signup,A
1,2026-01-02,active,A
1,2026-01-03,active,A
2,2026-01-08,signup,B
2,2026-01-09,active,B
2,2026-01-10,active,B
2,2026-01-11,active,B
2,2026-01-14,active,B
3,2026-01-06,signup,A
3,2026-01-08,active,A
4,2026-01-05,signup,A
4,2026-01-06,active,A
4,2026-01-07,active,A
4,2026-01-11,active,A
4,2026-01-12,active,A
5,2026-01-07,signup,A
5,2026-01-08,active,A
5,2026-01-10,active,A
5,2026-01-12,active,A
5,2026-01-14,active,A
6,2026-01-07,signup,A
6,2026-01-13,active,A
7,2026-01-02,signup,A
7,2026-01-04,active,A
7,2026-01-06,active,A
7,2026-01-07,active,A
8,2026-01-07,signup,B
8,2026-01-08,active,B
8,2026-01-09,active,B
8,2026-01-12,active,B
9,2026-01-06,signup,A
9,2026-01-07,active,A
9,2026-01-08,active,A
9,2026-01-09,active,A
9,2026-01-11,active,A
9,2026-01-13,active,A
10,2026-01-07,signup,A
10,2026-01-09,active,A
10,2026-01-13,active,A
11,2026-01-02,signup,A
11,2026-01-03,active,A
11,2026-01-06,active,A
11,2026-01-07,active,A
12,2026-01-04,signup,A
12,2026-01-05,active,A
13,2026-01-01,signup,B
14,2026-01-11,signup,A
14,2026-01-14,active,A
14,2026-01-16,active,A
15,2026-01-10,signup,A
15,2026-01-11,active,A
15,2026-01-14,active,A
15,2026-01-15,active,A
15,2026-01-17,active,A
16,2026-01-10,signup,B
16,2026-01-14,active,B
17,2026-01-02,signup,A
17,2026-01-03,active,A
17,2026-01-06,active,A
17,2026-01-09,active,A
18,2026-01-09,signup,B
18,2026-01-13,active,B
18,2026-01-14,active,B
19,2026-01-03,signup,B
19,2026-01-07,active,B
20,2026-01-08,signup,B
20,2026-01-10,active,B
20,2026-01-11,active,B
21,2026-01-10,signup,A
21,2026-01-11,active,A
21,2026-01-12,active,A
21,2026-01-13,active,A
22,2026-01-11,signup,A
22,2026-01-12,active,A
22,2026-01-13,active,A
23,2026-01-07,signup,A
23,2026-01-08,active,A
23,2026-01-09,active,A
24,2026-01-09,signup,A
24,2026-01-10,active,A
25,2026-01-10,signup,A
25,2026-01-11,active,A
25,2026-01-14,active,A
25,2026-01-15,active,A
26,2026-01-07,signup,A
26,2026-01-09,active,A
27,2026-01-01,signup,B
27,2026-01-03,active,B
28,2026-01-10,signup,B
28,2026-01-11,active,B
28,2026-01-12,active,B
28,2026-01-13,active,B
28,2026-01-14,active,B
28,2026-01-16,active,B
28,2026-01-17,active,B
29,2026-01-06,signup,A
29,2026-01-07,active,A
29,2026-01-08,active,A
29,2026-01-10,active,A
29,2026-01-13,active,A
30,2026-01-02,signup,B
30,2026-01-03,active,B
30,2026-01-05,active,B
30,2026-01-07,active,B
30,2026-01-08,active,B
30,2026-01-09,active,B
31,2026-01-10,signup,A
31,2026-01-11,active,A
31,2026-01-14,active,A
31,2026-01-16,active,A
31,2026-01-17,active,A
32,2026-01-09,signup,B
32,2026-01-10,active,B
32,2026-01-11,active,B
32,2026-01-13,active,B
33,2026-01-08,signup,B
33,2026-01-15,active,B
34,2026-01-03,signup,B
34,2026-01-06,active,B
34,2026-01-09,active,B
35,2026-01-10,signup,B
35,2026-01-14,active,B
35,2026-01-17,active,B
36,2026-01-07,signup,A
36,2026-01-10,active,A
36,2026-01-11,active,A
37,2026-01-06,signup,B
37,2026-01-08,active,B
37,2026-01-13,active,B
38,2026-01-04,signup,A
38,2026-01-05,active,A
38,2026-01-07,active,A
39,2026-01-10,signup,B
39,2026-01-11,active,B
39,2026-01-12,active,B
39,2026-01-15,active,B
40,2026-01-10,signup,A
40,2026-01-12,active,A
40,2026-01-13,active,A
40,2026-01-15,active,A
40,2026-01-16,active,A
41,2026-01-08,signup,B
41,2026-01-11,active,B
41,2026-01-14,active,B
41,2026-01-15,active,B
42,2026-01-01,signup,B
42,2026-01-03,active,B
42,2026-01-06,active,B
42,2026-01-07,active,B
43,2026-01-04,signup,B
43,2026-01-05,active,B
43,2026-01-06,active,B
43,2026-01-07,active,B
43,2026-01-10,active,B
44,2026-01-09,signup,B
45,2026-01-09,signup,B
45,2026-01-14,active,B
46,2026-01-11,signup,B
46,2026-01-13,active,B
46,2026-01-14,active,B
46,2026-01-15,active,B
46,2026-01-16,active,B
47,2026-01-08,signup,A
47,2026-01-09,active,A
47,2026-01-10,active,A
48,2026-01-07,signup,A
48,2026-01-08,active,A
48,2026-01-13,active,A
49,2026-01-04,signup,A
49,2026-01-05,active,A
49,2026-01-07,active,A
50,2026-01-08,signup,A
50,2026-01-11,active,A
51,2026-01-04,signup,A
51,2026-01-05,active,A
51,2026-01-07,active,A
51,2026-01-09,active,A
52,2026-01-04,signup,A
53,2026-01-10,signup,A
53,2026-01-11,active,A
53,2026-01-12,active,A
53,2026-01-13,active,A
53,2026-01-15,active,A
53,2026-01-17,active,A
54,2026-01-05,signup,A
54,2026-01-06,active,A
54,2026-01-11,active,A
55,2026-01-09,signup,A
56,2026-01-09,signup,B
56,2026-01-10,active,B
56,2026-01-14,active,B
57,2026-01-08,signup,A
57,2026-01-09,active,A
57,2026-01-10,active,A
57,2026-01-11,active,A
57,2026-01-12,active,A
58,2026-01-06,signup,B
58,2026-01-07,active,B
59,2026-01-03,signup,B
59,2026-01-04,active,B
59,2026-01-06,active,B
59,2026-01-10,active,B
60,2026-01-07,signup,B
60,2026-01-09,active,B
60,2026-01-10,active,B
60,2026-01-13,active,B
61,2026-01-04,signup,B
61,2026-01-05,active,B
61,2026-01-06,active,B
61,2026-01-10,active,B
62,2026-01-03,signup,B
62,2026-01-04,active,B
62,2026-01-09,active,B
63,2026-01-03,signup,B
63,2026-01-04,active,B
63,2026-01-06,active,B
63,2026-01-07,active,B
64,2026-01-06,signup,A
64,2026-01-07,active,A
64,2026-01-08,active,A
64,2026-01-09,active,A
64,2026-01-12,active,A
65,2026-01-01,signup,A
65,2026-01-03,active,A
65,2026-01-05,active,A
66,2026-01-08,signup,A
67,2026-01-05,signup,B
67,2026-01-08,active,B
67,2026-01-10,active,B
67,2026-01-11,active,B
68,2026-01-03,signup,B
68,2026-01-04,active,B
68,2026-01-05,active,B
68,2026-01-06,active,B
68,2026-01-10,active,B
69,2026-01-02,signup,A
69,2026-01-03,active,A
69,2026-01-04,active,A
69,2026-01-05,active,A
69,2026-01-06,active,A
69,2026-01-08,active,A
70,2026-01-05,signup,A
70,2026-01-06,active,A
70,2026-01-07,active,A
70,2026-01-08,active,A
70,2026-01-11,active,A
70,2026-01-12,active,A
71,2026-01-03,signup,A
71,2026-01-08,active,A
72,2026-01-01,signup,B
72,2026-01-04,active,B
72,2026-01-05,active,B
72,2026-01-07,active,B
73,2026-01-11,signup,B
73,2026-01-12,active,B
73,2026-01-17,active,B
74,2026-01-04,signup,B
74,2026-01-07,active,B
74,2026-01-10,active,B
75,2026-01-06,signup,B
75,2026-01-07,active,B
75,2026-01-08,active,B
75,2026-01-12,active,B
76,2026-01-10,signup,A
76,2026-01-11,active,A
76,2026-01-12,active,A
77,2026-01-08,signup,A
77,2026-01-09,active,A
77,2026-01-11,active,A
77,2026-01-12,active,A
77,2026-01-14,active,A
78,2026-01-08,signup,A
78,2026-01-10,active,A
78,2026-01-12,active,A
79,2026-01-02,signup,A
79,2026-01-03,active,A
79,2026-01-04,active,A
79,2026-01-05,active,A
79,2026-01-09,active,A
80,2026-01-10,signup,B
80,2026-01-11,active,B
80,2026-01-13,active,B
80,2026-01-15,active,B
81,2026-01-06,signup,A
81,2026-01-08,active,A
81,2026-01-11,active,A
82,2026-01-07,signup,B
82,2026-01-08,active,B
82,2026-01-10,active,B
82,2026-01-11,active,B
82,2026-01-12,active,B
83,2026-01-07,signup,A
84,2026-01-04,signup,B
84,2026-01-05,active,B
84,2026-01-07,active,B
84,2026-01-10,active,B
84,2026-01-11,active,B
85,2026-01-05,signup,B
85,2026-01-06,active,B
85,2026-01-07,active,B
85,2026-01-08,active,B
85,2026-01-09,active,B
85,2026-01-11,active,B
86,2026-01-11,signup,B
86,2026-01-13,active,B
86,2026-01-14,active,B
86,2026-01-18,active,B
87,2026-01-08,signup,B
87,2026-01-09,active,B
87,2026-01-10,active,B
88,2026-01-04,signup,B
88,2026-01-10,active,B
89,2026-01-06,signup,B
89,2026-01-07,active,B
89,2026-01-08,active,B
90,2026-01-09,signup,B
90,2026-01-10,active,B
90,2026-01-11,active,B
90,2026-01-12,active,B
91,2026-01-08,signup,B
91,2026-01-09,active,B
92,2026-01-07,signup,A
92,2026-01-08,active,A
92,2026-01-12,active,A
93,2026-01-08,signup,B
93,2026-01-11,active,B
93,2026-01-13,active,B
93,2026-01-14,active,B
94,2026-01-02,signup,A
94,2026-01-03,active,A
94,2026-01-06,active,A
95,2026-01-08,signup,B
95,2026-01-09,active,B
95,2026-01-15,active,B
96,2026-01-01,signup,A
96,2026-01-03,active,A
96,2026-01-04,active,A
97,2026-01-04,signup,B
97,2026-01-08,active,B
97,2026-01-09,active,B
98,2026-01-05,signup,B
98,2026-01-06,active,B
98,2026-01-09,active,B
99,2026-01-02,signup,A
99,2026-01-03,active,A
99,2026-01-08,active,A
100,2026-01-08,signup,A
100,2026-01-09,active,A
100,2026-01-10,active,A
100,2026-01-12,active,A
101,2026-01-09,signup,A
101,2026-01-10,active,A
101,2026-01-11,active,A
101,2026-01-13,active,A
101,2026-01-14,active,A
102,2026-01-06,signup,A
102,2026-01-11,active,A
103,2026-01-01,signup,A
103,2026-01-02,active,A
103,2026-01-05,active,A
104,2026-01-10,signup,B
104,2026-01-11,active,B
104,2026-01-14,active,B
104,2026-01-16,active,B
104,2026-01-17,active,B
105,2026-01-03,signup,A
105,2026-01-04,active,A
106,2026-01-01,signup,A
106,2026-01-02,active,A
106,2026-01-03,active,A
106,2026-01-04,active,A
106,2026-01-06,active,A
107,2026-01-08,signup,B
107,2026-01-09,active,B
107,2026-01-10,active,B
107,2026-01-11,active,B
107,2026-01-13,active,B
108,2026-01-09,signup,B
108,2026-01-11,active,B
108,2026-01-14,active,B
108,2026-01-15,active,B
108,2026-01-16,active,B
109,2026-01-11,signup,B
109,2026-01-12,active,B
109,2026-01-13,active,B
109,2026-01-17,active,B
110,2026-01-06,signup,A
110,2026-01-08,active,A
111,2026-01-07,signup,A
111,2026-01-10,active,A
111,2026-01-11,active,A
112,2026-01-08,signup,B
112,2026-01-09,active,B
112,2026-01-11,active,B
112,2026-01-14,active,B
112,2026-01-15,active,B
113,2026-01-03,signup,B
113,2026-01-04,active,B
113,2026-01-06,active,B
114,2026-01-03,signup,A
114,2026-01-04,active,A
114,2026-01-10,active,A
115,2026-01-03,signup,A
115,2026-01-04,active,A
116,2026-01-04,signup,B
116,2026-01-10,active,B
117,2026-01-08,signup,A
118,2026-01-03,signup,A
118,2026-01-04,active,A
118,2026-01-05,active,A
118,2026-01-08,active,A
118,2026-01-09,active,A
118,2026-01-10,active,A
119,2026-01-06,signup,B
119,2026-01-07,active,B
119,2026-01-08,active,B
119,2026-01-10,active,B
120,2026-01-07,signup,B
120,2026-01-08,active,B
120,2026-01-09,active,B
120,2026-01-11,active,B
120,2026-01-12,active,B
121,2026-01-03,signup,A
121,2026-01-05,active,A
121,2026-01-08,active,A
121,2026-01-09,active,A
121,2026-01-10,active,A
122,2026-01-02,signup,A
122,2026-01-03,active,A
122,2026-01-04,active,A
122,2026-01-05,active,A
122,2026-01-08,active,A
123,2026-01-06,signup,B
123,2026-01-07,active,B
123,2026-01-08,active,B
123,2026-01-10,active,B
124,2026-01-11,signup,B
124,2026-01-13,active,B
125,2026-01-02,signup,B
126,2026-01-06,signup,A
126,2026-01-10,active,A
126,2026-01-13,active,A
127,2026-01-06,signup,B
127,2026-01-08,active,B
127,2026-01-09,active,B
127,2026-01-10,active,B
128,2026-01-01,signup,B
128,2026-01-04,active,B
128,2026-01-07,active,B
129,2026-01-10,signup,A
129,2026-01-11,active,A
129,2026-01-12,active,A
129,2026-01-17,active,A
130,2026-01-01,signup,A
130,2026-01-02,active,A
130,2026-01-03,active,A
130,2026-01-06,active,A
131,2026-01-03,signup,B
131,2026-01-04,active,B
131,2026-01-06,active,B
131,2026-01-09,active,B
132,2026-01-04,signup,B
132,2026-01-06,active,B
132,2026-01-07,active,B
133,2026-01-06,signup,B
133,2026-01-08,active,B
133,2026-01-10,active,B
133,2026-01-11,active,B
133,2026-01-13,active,B
134,2026-01-06,signup,B
134,2026-01-12,active,B
134,2026-01-13,active,B
135,2026-01-05,signup,A
135,2026-01-08,active,A
135,2026-01-10,active,A
136,2026-01-05,signup,B
136,2026-01-06,active,B
136,2026-01-10,active,B
137,2026-01-07,signup,B
137,2026-01-08,active,B
138,2026-01-02,signup,A
138,2026-01-03,active,A
138,2026-01-08,active,A
139,2026-01-07,signup,A
139,2026-01-08,active,A
139,2026-01-09,active,A
139,2026-01-10,active,A
140,2026-01-08,signup,A
140,2026-01-12,active,A
141,2026-01-08,signup,B
141,2026-01-09,active,B
141,2026-01-10,active,B
141,2026-01-11,active,B
142,2026-01-07,signup,A
142,2026-01-10,active,A
142,2026-01-11,active,A
142,2026-01-12,active,A
142,2026-01-13,active,A
143,2026-01-05,signup,A
143,2026-01-06,active,A
143,2026-01-08,active,A
143,2026-01-10,active,A
144,2026-01-06,signup,A
144,2026-01-07,active,A
144,2026-01-08,active,A
145,2026-01-11,signup,B
145,2026-01-12,active,B
145,2026-01-14,active,B
145,2026-01-16,active,B
146,2026-01-03,signup,B
146,2026-01-05,active,B
146,2026-01-09,active,B
146,2026-01-10,active,B
147,2026-01-08,signup,A
147,2026-01-12,active,A
147,2026-01-13,active,A
147,2026-01-15,active,A
148,2026-01-10,signup,B
148,2026-01-11,active,B
148,2026-01-12,active,B
148,2026-01-16,active,B
148,2026-01-17,active,B
149,2026-01-04,signup,B
149,2026-01-08,active,B
149,2026-01-10,active,B
149,2026-01-11,active,B
150,2026-01-09,signup,B
150,2026-01-10,active,B
150,2026-01-11,active,B
150,2026-01-12,active,B
150,2026-01-13,active,B
150,2026-01-14,active,B
150,2026-01-15,active,B
151,2026-01-10,signup,A
151,2026-01-12,active,A
151,2026-01-13,active,A
151,2026-01-14,active,A
151,2026-01-17,active,A
152,2026-01-02,signup,A
152,2026-01-04,active,A
153,2026-01-09,signup,B
153,2026-01-10,active,B
154,2026-01-05,signup,B
154,2026-01-06,active,B
154,2026-01-12,active,B
155,2026-01-09,signup,B
155,2026-01-12,active,B
155,2026-01-14,active,B
155,2026-01-15,active,B
155,2026-01-16,active,B
156,2026-01-10,signup,A
156,2026-01-14,active,A
157,2026-01-10,signup,B
157,2026-01-14,active,B
157,2026-01-16,active,B
157,2026-01-17,active,B
158,2026-01-11,signup,B
159,2026-01-02,signup,A
159,2026-01-04,active,A
159,2026-01-05,active,A
159,2026-01-06,active,A
160,2026-01-05,signup,B
160,2026-01-06,active,B
160,2026-01-07,active,B
160,2026-01-09,active,B
160,2026-01-10,active,B
160,2026-01-12,active,B
161,2026-01-03,signup,A
161,2026-01-04,active,A
161,2026-01-10,active,A
162,2026-01-01,signup,B
162,2026-01-02,active,B
162,2026-01-05,active,B
162,2026-01-07,active,B
163,2026-01-02,signup,A
163,2026-01-05,active,A
163,2026-01-08,active,A
164,2026-01-09,signup,A
164,2026-01-11,active,A
164,2026-01-13,active,A
164,2026-01-15,active,A
164,2026-01-16,active,A
165,2026-01-01,signup,A
165,2026-01-02,active,A
165,2026-01-03,active,A
165,2026-01-04,active,A
165,2026-01-06,active,A
166,2026-01-11,signup,A
166,2026-01-14,active,A
166,2026-01-15,active,A
167,2026-01-04,signup,A
167,2026-01-05,active,A
167,2026-01-09,active,A
168,2026-01-06,signup,A
168,2026-01-08,active,A
169,2026-01-05,signup,B
169,2026-01-06,active,B
169,2026-01-08,active,B
169,2026-01-10,active,B
170,2026-01-11,signup,A
170,2026-01-12,active,A
170,2026-01-14,active,A
170,2026-01-18,active,A
171,2026-01-05,signup,A
171,2026-01-06,active,A
171,2026-01-08,active,A
171,2026-01-12,active,A
172,2026-01-02,signup,B
172,2026-01-03,active,B
172,2026-01-07,active,B
173,2026-01-07,signup,A
173,2026-01-10,active,A
174,2026-01-06,signup,A
174,2026-01-10,active,A
174,2026-01-12,active,A
175,2026-01-05,signup,B
175,2026-01-06,active,B
175,2026-01-07,active,B
175,2026-01-09,active,B
175,2026-01-12,active,B
176,2026-01-04,signup,A
176,2026-01-08,active,A
176,2026-01-10,active,A
177,2026-01-08,signup,A
177,2026-01-12,active,A
177,2026-01-13,active,A
177,2026-01-15,active,A
178,2026-01-03,signup,B
178,2026-01-08,active,B
179,2026-01-09,signup,B
179,2026-01-10,active,B
179,2026-01-14,active,B
180,2026-01-10,signup,A
180,2026-01-11,active,A
180,2026-01-12,active,A
180,2026-01-15,active,A
181,2026-01-10,signup,B
181,2026-01-11,active,B
181,2026-01-17,active,B
182,2026-01-11,signup,A
182,2026-01-13,active,A
182,2026-01-15,active,A
183,2026-01-10,signup,B
183,2026-01-12,active,B
183,2026-01-14,active,B
183,2026-01-15,active,B
184,2026-01-07,signup,A
185,2026-01-02,signup,B
185,2026-01-04,active,B
185,2026-01-06,active,B
185,2026-01-07,active,B
186,2026-01-05,signup,A
186,2026-01-07,active,A
186,2026-01-09,active,A
187,2026-01-10,signup,A
187,2026-01-16,active,A
187,2026-01-17,active,A
188,2026-01-11,signup,B
188,2026-01-13,active,B
189,2026-01-02,signup,B
189,2026-01-03,active,B
190,2026-01-08,signup,A
190,2026-01-09,active,A
190,2026-01-10,active,A
190,2026-01-12,active,A
191,2026-01-01,signup,B
191,2026-01-03,active,B
192,2026-01-01,signup,A
192,2026-01-02,active,A
192,2026-01-03,active,A
192,2026-01-04,active,A
192,2026-01-05,active,A
193,2026-01-10,signup,A
193,2026-01-13,active,A
194,2026-01-08,signup,B
194,2026-01-09,active,B
194,2026-01-10,active,B
194,2026-01-11,active,B
194,2026-01-14,active,B
195,2026-01-06,signup,B
195,2026-01-09,active,B
195,2026-01-10,active,B
196,2026-01-11,signup,B
196,2026-01-12,active,B
196,2026-01-15,active,B
196,2026-01-16,active,B
197,2026-01-03,signup,A
197,2026-01-04,active,A
197,2026-01-05,active,A
197,2026-01-06,active,A
197,2026-01-07,active,A
197,2026-01-10,active,A
198,2026-01-04,signup,A
198,2026-01-08,active,A
199,2026-01-02,signup,A
199,2026-01-04,active,A
199,2026-01-06,active,A
199,2026-01-08,active,A
200,2026-01-04,signup,A
200,2026-01-05,active,A
200,2026-01-07,active,A
200,2026-01-09,active,A
201,2026-01-10,signup,A
201,2026-01-11,active,A
201,2026-01-12,active,A
201,2026-01-13,active,A
201,2026-01-16,active,A
201,2026-01-17,active,A
202,2026-01-07,signup,A
202,2026-01-08,active,A
203,2026-01-10,signup,A
203,2026-01-12,active,A
203,2026-01-14,active,A
203,2026-01-15,active,A
203,2026-01-16,active,A
204,2026-01-10,signup,B
205,2026-01-01,signup,A
205,2026-01-02,active,A
205,2026-01-04,active,A
205,2026-01-05,active,A
205,2026-01-06,active,A
206,2026-01-11,signup,A
206,2026-01-12,active,A
206,2026-01-13,active,A
206,2026-01-17,active,A
207,2026-01-10,signup,B
207,2026-01-11,active,B
207,2026-01-12,active,B
207,2026-01-17,active,B
208,2026-01-03,signup,B
209,2026-01-10,signup,B
209,2026-01-12,active,B
209,2026-01-13,active,B
209,2026-01-14,active,B
209,2026-01-15,active,B
210,2026-01-11,signup,A
210,2026-01-13,active,A
210,2026-01-16,active,A
211,2026-01-01,signup,A
211,2026-01-02,active,A
211,2026-01-05,active,A
211,2026-01-06,active,A
211,2026-01-07,active,A
211,2026-01-08,active,A
212,2026-01-10,signup,A
212,2026-01-12,active,A
212,2026-01-17,active,A
213,2026-01-02,signup,B
213,2026-01-03,active,B
213,2026-01-05,active,B
213,2026-01-06,active,B
214,2026-01-07,signup,B
214,2026-01-09,active,B
214,2026-01-10,active,B
215,2026-01-07,signup,B
215,2026-01-08,active,B
215,2026-01-09,active,B
215,2026-01-10,active,B
215,2026-01-11,active,B
215,2026-01-12,active,B
215,2026-01-14,active,B
216,2026-01-01,signup,B
216,2026-01-02,active,B
216,2026-01-03,active,B
216,2026-01-04,active,B
216,2026-01-05,active,B
217,2026-01-09,signup,A
217,2026-01-10,active,A
217,2026-01-15,active,A
218,2026-01-07,signup,A
218,2026-01-08,active,A
218,2026-01-09,active,A
218,2026-01-12,active,A
218,2026-01-14,active,A
219,2026-01-03,signup,B
219,2026-01-06,active,B
219,2026-01-07,active,B
219,2026-01-08,active,B
220,2026-01-03,signup,A
220,2026-01-08,active,A
220,2026-01-09,active,A
221,2026-01-03,signup,A
221,2026-01-04,active,A
221,2026-01-07,active,A
221,2026-01-10,active,A
222,2026-01-03,signup,A
222,2026-01-04,active,A
222,2026-01-06,active,A
223,2026-01-11,signup,A
223,2026-01-13,active,A
223,2026-01-14,active,A
224,2026-01-01,signup,A
224,2026-01-02,active,A
224,2026-01-07,active,A
224,2026-01-08,active,A
225,2026-01-08,signup,A
225,2026-01-10,active,A
225,2026-01-15,active,A
226,2026-01-09,signup,B
226,2026-01-10,active,B
226,2026-01-13,active,B
226,2026-01-16,active,B
227,2026-01-03,signup,A
227,2026-01-04,active,A
228,2026-01-05,signup,B
228,2026-01-06,active,B
228,2026-01-08,active,B
229,2026-01-05,signup,A
229,2026-01-08,active,A
229,2026-01-09,active,A
230,2026-01-09,signup,A
230,2026-01-10,active,A
231,2026-01-05,signup,A
231,2026-01-06,active,A
231,2026-01-08,active,A
231,2026-01-12,active,A
232,2026-01-10,signup,A
232,2026-01-14,active,A
232,2026-01-15,active,A
232,2026-01-17,active,A
233,2026-01-11,signup,B
233,2026-01-12,active,B
233,2026-01-13,active,B
233,2026-01-17,active,B
234,2026-01-08,signup,B
234,2026-01-09,active,B
234,2026-01-11,active,B
235,2026-01-01,signup,A
235,2026-01-02,active,A
235,2026-01-03,active,A
235,2026-01-05,active,A
235,2026-01-06,active,A
235,2026-01-07,active,A
236,2026-01-09,signup,A
236,2026-01-10,active,A
236,2026-01-16,active,A
237,2026-01-07,signup,A
237,2026-01-09,active,A
237,2026-01-13,active,A
238,2026-01-01,signup,A
238,2026-01-04,active,A
238,2026-01-07,active,A
239,2026-01-10,signup,B
239,2026-01-11,active,B
239,2026-01-12,active,B
239,2026-01-13,active,B
240,2026-01-01,signup,A
240,2026-01-02,active,A
240,2026-01-03,active,A
240,2026-01-06,active,A
241,2026-01-09,signup,A
241,2026-01-12,active,A
241,2026-01-14,active,A
242,2026-01-03,signup,B
242,2026-01-04,active,B
242,2026-01-05,active,B
242,2026-01-10,active,B
243,2026-01-05,signup,A
243,2026-01-07,active,A
243,2026-01-12,active,A
244,2026-01-11,signup,A
244,2026-01-12,active,A
244,2026-01-13,active,A
244,2026-01-14,active,A
244,2026-01-18,active,A
245,2026-01-05,signup,B
245,2026-01-07,active,B
245,2026-01-10,active,B
245,2026-01-11,active,B
246,2026-01-07,signup,B
246,2026-01-08,active,B
246,2026-01-09,active,B
246,2026-01-11,active,B
246,2026-01-13,active,B
246,2026-01-14,active,B
247,2026-01-09,signup,B
247,2026-01-12,active,B
248,2026-01-08,signup,B
248,2026-01-09,active,B
248,2026-01-10,active,B
248,2026-01-11,active,B
248,2026-01-13,active,B
249,2026-01-08,signup,A
249,2026-01-11,active,A
250,2026-01-06,signup,B
250,2026-01-10,active,B
250,2026-01-11,active,B
250,2026-01-13,active,B
251,2026-01-03,signup,A
251,2026-01-06,active,A
252,2026-01-01,signup,B
252,2026-01-02,active,B
252,2026-01-04,active,B
252,2026-01-05,active,B
252,2026-01-08,active,B
253,2026-01-08,signup,B
253,2026-01-09,active,B
253,2026-01-10,active,B
253,2026-01-11,active,B
253,2026-01-12,active,B
253,2026-01-14,active,B
254,2026-01-08,signup,A
254,2026-01-09,active,A
254,2026-01-10,active,A
254,2026-01-12,active,A
254,2026-01-13,active,A
255,2026-01-07,signup,B
255,2026-01-12,active,B
256,2026-01-06,signup,B
256,2026-01-10,active,B
256,2026-01-11,active,B
257,2026-01-04,signup,B
257,2026-01-05,active,B
257,2026-01-06,active,B
257,2026-01-07,active,B
257,2026-01-11,active,B
258,2026-01-01,signup,B
258,2026-01-02,active,B
259,2026-01-10,signup,B
259,2026-01-11,active,B
259,2026-01-12,active,B
260,2026-01-02,signup,B
260,2026-01-03,active,B
260,2026-01-04,active,B
260,2026-01-05,active,B
260,2026-01-07,active,B
261,2026-01-05,signup,B
261,2026-01-06,active,B
261,2026-01-07,active,B
261,2026-01-08,active,B
261,2026-01-11,active,B
262,2026-01-04,signup,B
262,2026-01-06,active,B
262,2026-01-08,active,B
262,2026-01-09,active,B
263,2026-01-05,signup,B
263,2026-01-06,active,B
263,2026-01-09,active,B
263,2026-01-11,active,B
264,2026-01-08,signup,A
264,2026-01-09,active,A
264,2026-01-13,active,A
265,2026-01-01,signup,A
265,2026-01-02,active,A
265,2026-01-04,active,A
265,2026-01-05,active,A
265,2026-01-07,active,A
266,2026-01-02,signup,B
266,2026-01-05,active,B
267,2026-01-10,signup,A
267,2026-01-11,active,A
268,2026-01-08,signup,B
268,2026-01-12,active,B
269,2026-01-11,signup,B
269,2026-01-12,active,B
269,2026-01-13,active,B
269,2026-01-14,active,B
269,2026-01-16,active,B
270,2026-01-04,signup,A
270,2026-01-05,active,A
270,2026-01-10,active,A
271,2026-01-05,signup,B
271,2026-01-06,active,B
271,2026-01-09,active,B
271,2026-01-10,active,B
272,2026-01-10,signup,A
272,2026-01-12,active,A
272,2026-01-14,active,A
273,2026-01-09,signup,B
273,2026-01-12,active,B
273,2026-01-13,active,B
274,2026-01-05,signup,A
274,2026-01-06,active,A
274,2026-01-07,active,A
275,2026-01-05,signup,A
275,2026-01-06,active,A
275,2026-01-07,active,A
275,2026-01-08,active,A
275,2026-01-12,active,A
276,2026-01-10,signup,B
277,2026-01-10,signup,B
277,2026-01-12,active,B
277,2026-01-15,active,B
277,2026-01-16,active,B
278,2026-01-09,signup,A
278,2026-01-10,active,A
279,2026-01-10,signup,A
279,2026-01-12,active,A
279,2026-01-14,active,A
280,2026-01-11,signup,A
280,2026-01-12,active,A
280,2026-01-15,active,A
280,2026-01-16,active,A
280,2026-01-17,active,A
280,2026-01-18,active,A
281,2026-01-04,signup,A
281,2026-01-06,active,A
282,2026-01-09,signup,B
282,2026-01-10,active,B
282,2026-01-11,active,B
282,2026-01-14,active,B
283,2026-01-10,signup,B
283,2026-01-11,active,B
283,2026-01-12,active,B
283,2026-01-13,active,B
283,2026-01-14,active,B
284,2026-01-01,signup,B
284,2026-01-02,active,B
284,2026-01-04,active,B
284,2026-01-06,active,B
285,2026-01-07,signup,B
285,2026-01-08,active,B
285,2026-01-09,active,B
285,2026-01-11,active,B
286,2026-01-06,signup,B
286,2026-01-10,active,B
287,2026-01-11,signup,B
287,2026-01-13,active,B
287,2026-01-16,active,B
287,2026-01-17,active,B
288,2026-01-05,signup,B
288,2026-01-06,active,B
288,2026-01-07,active,B
288,2026-01-11,active,B
289,2026-01-08,signup,B
289,2026-01-09,active,B
289,2026-01-11,active,B
289,2026-01-14,active,B
289,2026-01-15,active,B
290,2026-01-03,signup,A
290,2026-01-04,active,A
290,2026-01-05,active,A
290,2026-01-06,active,A
290,2026-01-09,active,A
291,2026-01-10,signup,A
291,2026-01-11,active,A
291,2026-01-12,active,A
291,2026-01-16,active,A
291,2026-01-17,active,A
292,2026-01-06,signup,B
292,2026-01-07,active,B
292,2026-01-10,active,B
293,2026-01-02,signup,A
293,2026-01-03,active,A
293,2026-01-05,active,A
293,2026-01-06,active,A
294,2026-01-10,signup,B
294,2026-01-11,active,B
294,2026-01-13,active,B
295,2026-01-07,signup,A
295,2026-01-09,active,A
295,2026-01-10,active,A
295,2026-01-12,active,A
296,2026-01-07,signup,B
296,2026-01-12,active,B
296,2026-01-14,active,B
297,2026-01-08,signup,B
297,2026-01-11,active,B
297,2026-01-15,active,B
298,2026-01-06,signup,B
298,2026-01-10,active,B
298,2026-01-12,active,B
299,2026-01-11,signup,B
299,2026-01-15,active,B
299,2026-01-16,active,B
300,2026-01-06,signup,B
300,2026-01-07,active,B
300,2026-01-08,active,B
300,2026-01-09,active,B
301,2026-01-06,signup,A
301,2026-01-07,active,A
301,2026-01-09,active,A
301,2026-01-11,active,A
302,2026-01-08,signup,B
302,2026-01-09,active,B
302,2026-01-13,active,B
302,2026-01-14,active,B
303,2026-01-06,signup,B
303,2026-01-07,active,B
303,2026-01-08,active,B
303,2026-01-09,active,B
303,2026-01-10,active,B
303,2026-01-11,active,B
304,2026-01-03,signup,A
304,2026-01-05,active,A
304,2026-01-06,active,A
304,2026-01-09,active,A
304,2026-01-10,active,A
305,2026-01-09,signup,B
305,2026-01-10,active,B
305,2026-01-11,active,B
305,2026-01-13,active,B
306,2026-01-04,signup,B
306,2026-01-05,active,B
306,2026-01-06,active,B
306,2026-01-07,active,B
307,2026-01-09,signup,B
307,2026-01-10,active,B
307,2026-01-12,active,B
308,2026-01-02,signup,A
308,2026-01-03,active,A
308,2026-01-05,active,A
309,2026-01-09,signup,A
309,2026-01-10,active,A
309,2026-01-11,active,A
309,2026-01-12,active,A
310,2026-01-06,signup,B
310,2026-01-08,active,B
310,2026-01-11,active,B
310,2026-01-13,active,B
311,2026-01-09,signup,A
311,2026-01-10,active,A
311,2026-01-11,active,A
311,2026-01-12,active,A
311,2026-01-13,active,A
312,2026-01-06,signup,B
312,2026-01-08,active,B
313,2026-01-01,signup,A
313,2026-01-02,active,A
314,2026-01-04,signup,A
314,2026-01-05,active,A
314,2026-01-06,active,A
314,2026-01-07,active,A
314,2026-01-08,active,A
315,2026-01-01,signup,B
315,2026-01-04,active,B
315,2026-01-06,active,B
315,2026-01-08,active,B
316,2026-01-09,signup,B
316,2026-01-11,active,B
316,2026-01-16,active,B
317,2026-01-04,signup,B
317,2026-01-05,active,B
317,2026-01-06,active,B
317,2026-01-09,active,B
317,2026-01-11,active,B
318,2026-01-09,signup,A
318,2026-01-10,active,A
318,2026-01-11,active,A
318,2026-01-16,active,A
319,2026-01-01,signup,A
319,2026-01-06,active,A
320,2026-01-11,signup,B
320,2026-01-12,active,B
320,2026-01-13,active,B
320,2026-01-18,active,B
321,2026-01-04,signup,B
321,2026-01-06,active,B
321,2026-01-08,active,B
322,2026-01-04,signup,A
322,2026-01-08,active,A
323,2026-01-02,signup,B
323,2026-01-06,active,B
323,2026-01-09,active,B
324,2026-01-03,signup,B
324,2026-01-04,active,B
324,2026-01-07,active,B
325,2026-01-01,signup,A
325,2026-01-04,active,A
325,2026-01-05,active,A
326,2026-01-10,signup,A
326,2026-01-11,active,A
326,2026-01-14,active,A
327,2026-01-06,signup,B
327,2026-01-07,active,B
327,2026-01-11,active,B
327,2026-01-12,active,B
328,2026-01-04,signup,B
328,2026-01-05,active,B
329,2026-01-02,signup,B
329,2026-01-03,active,B
329,2026-01-06,active,B
329,2026-01-08,active,B
329,2026-01-09,active,B
330,2026-01-01,signup,B
330,2026-01-05,active,B
330,2026-01-07,active,B
330,2026-01-08,active,B
331,2026-01-03,signup,B
331,2026-01-04,active,B
331,2026-01-05,active,B
331,2026-01-06,active,B
331,2026-01-09,active,B
332,2026-01-06,signup,A
332,2026-01-09,active,A
332,2026-01-11,active,A
332,2026-01-12,active,A
333,2026-01-04,signup,A
333,2026-01-05,active,A
333,2026-01-07,active,A
333,2026-01-09,active,A
333,2026-01-11,active,A
334,2026-01-10,signup,A
334,2026-01-16,active,A
335,2026-01-07,signup,A
335,2026-01-09,active,A
335,2026-01-14,active,A
336,2026-01-01,signup,A
336,2026-01-02,active,A
337,2026-01-05,signup,B
337,2026-01-06,active,B
337,2026-01-08,active,B
337,2026-01-09,active,B
338,2026-01-11,signup,B
338,2026-01-15,active,B
338,2026-01-16,active,B
339,2026-01-10,signup,B
339,2026-01-11,active,B
339,2026-01-12,active,B
339,2026-01-14,active,B
340,2026-01-02,signup,A
340,2026-01-03,active,A
340,2026-01-07,active,A
340,2026-01-09,active,A
341,2026-01-09,signup,A
341,2026-01-10,active,A
341,2026-01-12,active,A
341,2026-01-15,active,A
342,2026-01-08,signup,B
342,2026-01-09,active,B
342,2026-01-10,active,B
342,2026-01-13,active,B
343,2026-01-09,signup,B
343,2026-01-16,active,B
344,2026-01-02,signup,B
344,2026-01-03,active,B
344,2026-01-05,active,B
344,2026-01-07,active,B
345,2026-01-01,signup,A
346,2026-01-04,signup,A
346,2026-01-07,active,A
346,2026-01-08,active,A
346,2026-01-10,active,A
347,2026-01-10,signup,A
347,2026-01-11,active,A
347,2026-01-12,active,A
347,2026-01-14,active,A
348,2026-01-09,signup,A
348,2026-01-10,active,A
348,2026-01-11,active,A
348,2026-01-15,active,A
349,2026-01-06,signup,B
349,2026-01-07,active,B
349,2026-01-08,active,B
349,2026-01-09,active,B
349,2026-01-10,active,B
350,2026-01-02,signup,A
350,2026-01-03,active,A
350,2026-01-04,active,A
350,2026-01-05,active,A
350,2026-01-08,active,A
351,2026-01-09,signup,B
351,2026-01-10,active,B
351,2026-01-11,active,B
351,2026-01-12,active,B
351,2026-01-13,active,B
352,2026-01-02,signup,B
352,2026-01-04,active,B
353,2026-01-04,signup,B
353,2026-01-05,active,B
353,2026-01-06,active,B
354,2026-01-09,signup,A
354,2026-01-10,active,A
354,2026-01-11,active,A
354,2026-01-12,active,A
354,2026-01-13,active,A
355,2026-01-03,signup,B
355,2026-01-05,active,B
356,2026-01-06,signup,B
356,2026-01-08,active,B
356,2026-01-13,active,B
357,2026-01-09,signup,B
357,2026-01-12,active,B
357,2026-01-16,active,B
358,2026-01-06,signup,A
358,2026-01-07,active,A
358,2026-01-08,active,A
358,2026-01-09,active,A
358,2026-01-10,active,A
358,2026-01-12,active,A
359,2026-01-06,signup,B
359,2026-01-08,active,B
359,2026-01-12,active,B
360,2026-01-02,signup,B
360,2026-01-09,active,B
361,2026-01-02,signup,B
361,2026-01-04,active,B
361,2026-01-05,active,B
362,2026-01-07,signup,B
362,2026-01-08,active,B
362,2026-01-14,active,B
363,2026-01-06,signup,B
363,2026-01-07,active,B
363,2026-01-10,active,B
363,2026-01-12,active,B
364,2026-01-03,signup,B
364,2026-01-09,active,B
365,2026-01-10,signup,B
365,2026-01-11,active,B
365,2026-01-12,active,B
365,2026-01-14,active,B
365,2026-01-17,active,B
366,2026-01-05,signup,B
366,2026-01-07,active,B
366,2026-01-08,active,B
366,2026-01-09,active,B
367,2026-01-04,signup,B
367,2026-01-05,active,B
367,2026-01-08,active,B
368,2026-01-01,signup,B
368,2026-01-02,active,B
368,2026-01-03,active,B
368,2026-01-04,active,B
368,2026-01-06,active,B
368,2026-01-07,active,B
369,2026-01-06,signup,A
369,2026-01-07,active,A
369,2026-01-08,active,A
369,2026-01-11,active,A
369,2026-01-12,active,A
370,2026-01-06,signup,A
370,2026-01-08,active,A
371,2026-01-03,signup,B
371,2026-01-05,active,B
371,2026-01-07,active,B
371,2026-01-08,active,B
372,2026-01-05,signup,B
372,2026-01-07,active,B
372,2026-01-08,active,B
373,2026-01-01,signup,A
373,2026-01-02,active,A
373,2026-01-03,active,A
373,2026-01-04,active,A
374,2026-01-07,signup,B
374,2026-01-08,active,B
374,2026-01-10,active,B
375,2026-01-01,signup,B
375,2026-01-02,active,B
376,2026-01-11,signup,A
376,2026-01-12,active,A
376,2026-01-15,active,A
376,2026-01-16,active,A
377,2026-01-07,signup,B
377,2026-01-12,active,B
378,2026-01-04,signup,B
378,2026-01-05,active,B
378,2026-01-07,active,B
378,2026-01-10,active,B
378,2026-01-11,active,B
379,2026-01-03,signup,B
379,2026-01-04,active,B
379,2026-01-07,active,B
379,2026-01-09,active,B
380,2026-01-04,signup,A
380,2026-01-06,active,A
380,2026-01-07,active,A
380,2026-01-11,active,A
381,2026-01-02,signup,A
381,2026-01-03,active,A
381,2026-01-04,active,A
381,2026-01-07,active,A
381,2026-01-09,active,A
382,2026-01-10,signup,B
382,2026-01-11,active,B
382,2026-01-13,active,B
383,2026-01-04,signup,A
383,2026-01-06,active,A
383,2026-01-07,active,A
383,2026-01-10,active,A
383,2026-01-11,active,A
384,2026-01-10,signup,B
384,2026-01-11,active,B
384,2026-01-12,active,B
385,2026-01-04,signup,B
385,2026-01-05,active,B
385,2026-01-06,active,B
385,2026-01-11,active,B
386,2026-01-03,signup,A
386,2026-01-04,active,A
386,2026-01-05,active,A
386,2026-01-07,active,A
387,2026-01-02,signup,A
387,2026-01-05,active,A
387,2026-01-07,active,A
387,2026-01-08,active,A
387,2026-01-09,active,A
388,2026-01-10,signup,A
388,2026-01-11,active,A
388,2026-01-12,active,A
388,2026-01-17,active,A
389,2026-01-06,signup,B
389,2026-01-07,active,B
389,2026-01-08,active,B
389,2026-01-09,active,B
389,2026-01-11,active,B
390,2026-01-01,signup,B
390,2026-01-03,active,B
390,2026-01-05,active,B
390,2026-01-06,active,B
391,2026-01-01,signup,A
391,2026-01-02,active,A
391,2026-01-05,active,A
392,2026-01-04,signup,A
392,2026-01-05,active,A
392,2026-01-06,active,A
392,2026-01-09,active,A
392,2026-01-11,active,A
393,2026-01-06,signup,B
393,2026-01-08,active,B
393,2026-01-09,active,B
393,2026-01-13,active,B
394,2026-01-09,signup,A
394,2026-01-11,active,A
394,2026-01-13,active,A
395,2026-01-08,signup,A
395,2026-01-09,active,A
395,2026-01-10,active,A
396,2026-01-06,signup,A
396,2026-01-07,active,A
396,2026-01-08,active,A
396,2026-01-09,active,A
397,2026-01-06,signup,B
397,2026-01-08,active,B
397,2026-01-10,active,B
397,2026-01-11,active,B
398,2026-01-03,signup,B
398,2026-01-05,active,B
398,2026-01-06,active,B
398,2026-01-08,active,B
398,2026-01-09,active,B
398,2026-01-10,active,B
399,2026-01-09,signup,B
399,2026-01-11,active,B
399,2026-01-12,active,B
399,2026-01-13,active,B
399,2026-01-14,active,B
399,2026-01-15,active,B
399,2026-01-16,active,B
400,2026-01-06,signup,A
400,2026-01-07,active,A
400,2026-01-13,active,A
401,2026-01-01,signup,B
401,2026-01-03,active,B
401,2026-01-06,active,B
401,2026-01-07,active,B
402,2026-01-06,signup,A
402,2026-01-07,active,A
402,2026-01-08,active,A
402,2026-01-09,active,A
402,2026-01-13,active,A
403,2026-01-03,signup,B
403,2026-01-04,active,B
403,2026-01-07,active,B
403,2026-01-09,active,B
403,2026-01-10,active,B
404,2026-01-05,signup,B
404,2026-01-11,active,B
404,2026-01-12,active,B
405,2026-01-07,signup,A
405,2026-01-09,active,A
405,2026-01-12,active,A
405,2026-01-13,active,A
405,2026-01-14,active,A
406,2026-01-02,signup,A
406,2026-01-04,active,A
406,2026-01-05,active,A
406,2026-01-08,active,A
407,2026-01-10,signup,A
407,2026-01-11,active,A
407,2026-01-12,active,A
407,2026-01-14,active,A
407,2026-01-17,active,A
408,2026-01-03,signup,B
408,2026-01-06,active,B
408,2026-01-07,active,B
408,2026-01-08,active,B
408,2026-01-10,active,B
409,2026-01-07,signup,B
409,2026-01-08,active,B
409,2026-01-09,active,B
409,2026-01-12,active,B
409,2026-01-14,active,B
410,2026-01-01,signup,A
410,2026-01-04,active,A
411,2026-01-04,signup,A
411,2026-01-05,active,A
412,2026-01-06,signup,B
412,2026-01-07,active,B
412,2026-01-08,active,B
412,2026-01-11,active,B
412,2026-01-12,active,B
413,2026-01-02,signup,B
413,2026-01-03,active,B
413,2026-01-04,active,B
413,2026-01-09,active,B
414,2026-01-07,signup,B
414,2026-01-08,active,B
414,2026-01-14,active,B
415,2026-01-10,signup,A
416,2026-01-11,signup,B
416,2026-01-12,active,B
416,2026-01-15,active,B
417,2026-01-03,signup,B
417,2026-01-04,active,B
417,2026-01-07,active,B
417,2026-01-09,active,B
417,2026-01-10,active,B
418,2026-01-11,signup,B
419,2026-01-03,signup,A
419,2026-01-04,active,A
420,2026-01-02,signup,A
420,2026-01-03,active,A
420,2026-01-05,active,A
421,2026-01-01,signup,B
421,2026-01-02,active,B
421,2026-01-03,active,B
421,2026-01-05,active,B
421,2026-01-07,active,B
422,2026-01-01,signup,A
422,2026-01-04,active,A
422,2026-01-05,active,A
423,2026-01-02,signup,A
423,2026-01-03,active,A
424,2026-01-09,signup,B
424,2026-01-15,active,B
425,2026-01-08,signup,B
425,2026-01-09,active,B
425,2026-01-10,active,B
425,2026-01-11,active,B
426,2026-01-04,signup,B
426,2026-01-05,active,B
426,2026-01-09,active,B
426,2026-01-10,active,B
427,2026-01-09,signup,B
427,2026-01-11,active,B
427,2026-01-14,active,B
428,2026-01-05,signup,A
428,2026-01-06,active,A
428,2026-01-08,active,A
429,2026-01-11,signup,A
429,2026-01-12,active,A
430,2026-01-09,signup,B
430,2026-01-10,active,B
430,2026-01-12,active,B
431,2026-01-11,signup,B
431,2026-01-12,active,B
431,2026-01-13,active,B
431,2026-01-14,active,B
431,2026-01-15,active,B
431,2026-01-17,active,B
432,2026-01-04,signup,B
432,2026-01-05,active,B
432,2026-01-06,active,B
432,2026-01-07,active,B
432,2026-01-08,active,B
433,2026-01-05,signup,B
433,2026-01-07,active,B
433,2026-01-10,active,B
433,2026-01-11,active,B
433,2026-01-12,active,B
434,2026-01-07,signup,A
434,2026-01-08,active,A
434,2026-01-11,active,A
435,2026-01-02,signup,A
435,2026-01-03,active,A
435,2026-01-07,active,A
435,2026-01-08,active,A
436,2026-01-06,signup,B
436,2026-01-07,active,B
436,2026-01-10,active,B
437,2026-01-01,signup,A
437,2026-01-02,active,A
437,2026-01-03,active,A
437,2026-01-04,active,A
437,2026-01-06,active,A
438,2026-01-04,signup,A
438,2026-01-05,active,A
438,2026-01-06,active,A
438,2026-01-08,active,A
439,2026-01-01,signup,B
439,2026-01-02,active,B
439,2026-01-07,active,B
440,2026-01-03,signup,A
440,2026-01-04,active,A
441,2026-01-09,signup,A
441,2026-01-11,active,A
441,2026-01-12,active,A
441,2026-01-13,active,A
442,2026-01-05,signup,A
442,2026-01-07,active,A
443,2026-01-03,signup,B
443,2026-01-08,active,B
443,2026-01-09,active,B
443,2026-01-10,active,B
444,2026-01-09,signup,A
444,2026-01-13,active,A
444,2026-01-14,active,A
445,2026-01-07,signup,B
445,2026-01-09,active,B
445,2026-01-11,active,B
445,2026-01-14,active,B
446,2026-01-10,signup,A
446,2026-01-11,active,A
446,2026-01-13,active,A
447,2026-01-11,signup,A
447,2026-01-12,active,A
447,2026-01-13,active,A
447,2026-01-14,active,A
447,2026-01-15,active,A
448,2026-01-10,signup,A
448,2026-01-11,active,A
448,2026-01-12,active,A
448,2026-01-13,active,A
448,2026-01-14,active,A
449,2026-01-09,signup,A
449,2026-01-10,active,A
449,2026-01-11,active,A
449,2026-01-14,active,A
450,2026-01-06,signup,A
451,2026-01-10,signup,A
451,2026-01-11,active,A
451,2026-01-15,active,A
451,2026-01-16,active,A
452,2026-01-01,signup,B
452,2026-01-02,active,B
452,2026-01-07,active,B
452,2026-01-08,active,B
453,2026-01-06,signup,B
453,2026-01-07,active,B
453,2026-01-08,active,B
453,2026-01-11,active,B
453,2026-01-12,active,B
454,2026-01-10,signup,B
454,2026-01-14,active,B
454,2026-01-15,active,B
455,2026-01-03,signup,B
455,2026-01-04,active,B
455,2026-01-05,active,B
455,2026-01-07,active,B
455,2026-01-10,active,B
456,2026-01-08,signup,A
456,2026-01-10,active,A
456,2026-01-12,active,A
456,2026-01-13,active,A
457,2026-01-04,signup,B
457,2026-01-07,active,B
458,2026-01-04,signup,B
458,2026-01-05,active,B
458,2026-01-09,active,B
459,2026-01-05,signup,A
459,2026-01-06,active,A
459,2026-01-07,active,A
459,2026-01-09,active,A
459,2026-01-10,active,A
460,2026-01-11,signup,A
460,2026-01-12,active,A
460,2026-01-14,active,A
461,2026-01-10,signup,A
461,2026-01-12,active,A
461,2026-01-17,active,A
462,2026-01-09,signup,A
462,2026-01-10,active,A
462,2026-01-12,active,A
463,2026-01-01,signup,B
463,2026-01-02,active,B
463,2026-01-03,active,B
463,2026-01-05,active,B
463,2026-01-06,active,B
464,2026-01-05,signup,A
464,2026-01-07,active,A
464,2026-01-12,active,A
465,2026-01-07,signup,B
465,2026-01-08,active,B
465,2026-01-14,active,B
466,2026-01-09,signup,B
466,2026-01-11,active,B
466,2026-01-13,active,B
466,2026-01-15,active,B
467,2026-01-05,signup,B
467,2026-01-06,active,B
467,2026-01-07,active,B
468,2026-01-07,signup,A
469,2026-01-06,signup,B
469,2026-01-07,active,B
469,2026-01-09,active,B
470,2026-01-03,signup,B
470,2026-01-05,active,B
470,2026-01-07,active,B
470,2026-01-09,active,B
471,2026-01-11,signup,A
471,2026-01-12,active,A
471,2026-01-17,active,A
472,2026-01-10,signup,B
472,2026-01-12,active,B
472,2026-01-13,active,B
473,2026-01-08,signup,B
473,2026-01-11,active,B
474,2026-01-06,signup,B
474,2026-01-07,active,B
474,2026-01-09,active,B
474,2026-01-10,active,B
474,2026-01-11,active,B
475,2026-01-03,signup,A
475,2026-01-10,active,A
476,2026-01-06,signup,B
476,2026-01-08,active,B
476,2026-01-10,active,B
476,2026-01-13,active,B
477,2026-01-08,signup,A
477,2026-01-09,active,A
477,2026-01-10,active,A
477,2026-01-15,active,A
478,2026-01-07,signup,B
478,2026-01-08,active,B
478,2026-01-09,active,B
479,2026-01-04,signup,A
479,2026-01-06,active,A
480,2026-01-06,signup,A
480,2026-01-07,active,A
480,2026-01-08,active,A
480,2026-01-09,active,A
480,2026-01-12,active,A
481,2026-01-06,signup,B
481,2026-01-07,active,B
481,2026-01-08,active,B
481,2026-01-09,active,B
482,2026-01-04,signup,A
482,2026-01-05,active,A
482,2026-01-07,active,A
483,2026-01-02,signup,A
483,2026-01-03,active,A
483,2026-01-05,active,A
483,2026-01-06,active,A
484,2026-01-01,signup,A
485,2026-01-01,signup,B
485,2026-01-02,active,B
486,2026-01-05,signup,A
486,2026-01-12,active,A
487,2026-01-04,signup,B
487,2026-01-06,active,B
487,2026-01-07,active,B
487,2026-01-10,active,B
487,2026-01-11,active,B
488,2026-01-07,signup,A
488,2026-01-11,active,A
488,2026-01-12,active,A
488,2026-01-14,active,A
489,2026-01-02,signup,B
489,2026-01-03,active,B
489,2026-01-07,active,B
489,2026-01-09,active,B
490,2026-01-04,signup,B
490,2026-01-06,active,B
491,2026-01-04,signup,B
491,2026-01-06,active,B
491,2026-01-07,active,B
491,2026-01-09,active,B
491,2026-01-10,active,B
492,2026-01-07,signup,B
492,2026-01-11,active,B
492,2026-01-12,active,B
492,2026-01-13,active,B
493,2026-01-09,signup,A
493,2026-01-10,active,A
493,2026-01-11,active,A
493,2026-01-12,active,A
493,2026-01-13,active,A
493,2026-01-14,active,A
494,2026-01-06,signup,A
494,2026-01-08,active,A
494,2026-01-09,active,A
494,2026-01-11,active,A
495,2026-01-01,signup,B
495,2026-01-02,active,B
495,2026-01-04,active,B
495,2026-01-06,active,B
496,2026-01-03,signup,B
496,2026-01-07,active,B
497,2026-01-07,signup,A
497,2026-01-08,active,A
497,2026-01-09,active,A
497,2026-01-10,active,A
497,2026-01-11,active,A
498,2026-01-10,signup,A
498,2026-01-11,active,A
498,2026-01-13,active,A
498,2026-01-15,active,A
498,2026-01-17,active,A
499,2026-01-07,signup,B
499,2026-01-10,active,B
500,2026-01-01,signup,B
500,2026-01-02,active,B
500,2026-01-03,active,B
500,2026-01-04,active,B
500,2026-01-05,active,B
500,2026-01-08,active,B
501,2026-01-09,signup,B
501,2026-01-10,active,B
501,2026-01-11,active,B
501,2026-01-12,active,B
501,2026-01-13,active,B
501,2026-01-14,active,B
501,2026-01-15,active,B
501,2026-01-16,active,B
502,2026-01-11,signup,B
502,2026-01-12,active,B
502,2026-01-13,active,B
502,2026-01-14,active,B
502,2026-01-15,active,B
502,2026-01-16,active,B
503,2026-01-03,signup,B
503,2026-01-05,active,B
503,2026-01-09,active,B
504,2026-01-05,signup,A
504,2026-01-06,active,A
504,2026-01-08,active,A
504,2026-01-09,active,A
505,2026-01-01,signup,B
505,2026-01-04,active,B
505,2026-01-06,active,B
506,2026-01-08,signup,A
506,2026-01-10,active,A
506,2026-01-15,active,A
507,2026-01-08,signup,B
507,2026-01-09,active,B
507,2026-01-10,active,B
507,2026-01-12,active,B
507,2026-01-14,active,B
508,2026-01-03,signup,A
508,2026-01-06,active,A
509,2026-01-10,signup,B
509,2026-01-12,active,B
509,2026-01-13,active,B
509,2026-01-15,active,B
510,2026-01-06,signup,B
510,2026-01-07,active,B
510,2026-01-11,active,B
511,2026-01-09,signup,B
511,2026-01-10,active,B
511,2026-01-15,active,B
512,2026-01-07,signup,A
512,2026-01-08,active,A
512,2026-01-10,active,A
512,2026-01-12,active,A
513,2026-01-03,signup,A
513,2026-01-04,active,A
513,2026-01-08,active,A
513,2026-01-09,active,A
514,2026-01-09,signup,B
514,2026-01-11,active,B
514,2026-01-12,active,B
515,2026-01-01,signup,B
515,2026-01-03,active,B
515,2026-01-05,active,B
515,2026-01-07,active,B
516,2026-01-09,signup,B
516,2026-01-11,active,B
516,2026-01-12,active,B
516,2026-01-14,active,B
517,2026-01-09,signup,A
517,2026-01-10,active,A
517,2026-01-11,active,A
517,2026-01-12,active,A
517,2026-01-13,active,A
518,2026-01-11,signup,A
518,2026-01-13,active,A
518,2026-01-16,active,A
519,2026-01-01,signup,A
519,2026-01-02,active,A
520,2026-01-04,signup,B
520,2026-01-05,active,B
520,2026-01-06,active,B
520,2026-01-07,active,B
520,2026-01-08,active,B
520,2026-01-10,active,B
521,2026-01-02,signup,B
521,2026-01-03,active,B
521,2026-01-04,active,B
521,2026-01-08,active,B
522,2026-01-10,signup,A
522,2026-01-11,active,A
522,2026-01-12,active,A
522,2026-01-14,active,A
522,2026-01-16,active,A
523,2026-01-06,signup,A
523,2026-01-07,active,A
523,2026-01-13,active,A
524,2026-01-06,signup,A
524,2026-01-07,active,A
524,2026-01-08,active,A
525,2026-01-02,signup,A
525,2026-01-03,active,A
525,2026-01-04,active,A
525,2026-01-08,active,A
526,2026-01-10,signup,B
526,2026-01-11,active,B
526,2026-01-12,active,B
526,2026-01-13,active,B
526,2026-01-16,active,B
526,2026-01-17,active,B
527,2026-01-02,signup,A
527,2026-01-09,active,A
528,2026-01-03,signup,B
528,2026-01-04,active,B
528,2026-01-08,active,B
529,2026-01-08,signup,A
529,2026-01-09,active,A
529,2026-01-10,active,A
529,2026-01-12,active,A
530,2026-01-04,signup,A
530,2026-01-07,active,A
531,2026-01-11,signup,A
531,2026-01-12,active,A
531,2026-01-13,active,A
531,2026-01-14,active,A
531,2026-01-17,active,A
532,2026-01-01,signup,A
532,2026-01-02,active,A
532,2026-01-08,active,A
533,2026-01-02,signup,B
533,2026-01-03,active,B
533,2026-01-06,active,B
533,2026-01-07,active,B
533,2026-01-09,active,B
534,2026-01-11,signup,B
534,2026-01-12,active,B
535,2026-01-01,signup,A
535,2026-01-02,active,A
535,2026-01-07,active,A
536,2026-01-02,signup,B
537,2026-01-04,signup,B
537,2026-01-05,active,B
537,2026-01-06,active,B
537,2026-01-07,active,B
537,2026-01-11,active,B
538,2026-01-05,signup,A
538,2026-01-08,active,A
538,2026-01-09,active,A
538,2026-01-10,active,A
538,2026-01-11,active,A
539,2026-01-02,signup,B
539,2026-01-03,active,B
539,2026-01-04,active,B
539,2026-01-05,active,B
540,2026-01-05,signup,B
540,2026-01-06,active,B
540,2026-01-07,active,B
540,2026-01-11,active,B
541,2026-01-03,signup,B
541,2026-01-04,active,B
541,2026-01-08,active,B
541,2026-01-09,active,B
542,2026-01-01,signup,A
542,2026-01-02,active,A
542,2026-01-04,active,A
542,2026-01-05,active,A
543,2026-01-08,signup,A
543,2026-01-09,active,A
543,2026-01-13,active,A
543,2026-01-15,active,A
544,2026-01-01,signup,B
544,2026-01-02,active,B
544,2026-01-03,active,B
544,2026-01-06,active,B
544,2026-01-07,active,B
545,2026-01-09,signup,B
545,2026-01-14,active,B
545,2026-01-16,active,B
546,2026-01-05,signup,A
546,2026-01-07,active,A
546,2026-01-10,active,A
546,2026-01-11,active,A
547,2026-01-04,signup,B
547,2026-01-09,active,B
548,2026-01-04,signup,B
548,2026-01-06,active,B
548,2026-01-08,active,B
549,2026-01-03,signup,B
549,2026-01-05,active,B
549,2026-01-06,active,B
549,2026-01-07,active,B
549,2026-01-08,active,B
550,2026-01-03,signup,B
550,2026-01-04,active,B
550,2026-01-05,active,B
550,2026-01-07,active,B
551,2026-01-04,signup,A
551,2026-01-05,active,A
551,2026-01-09,active,A
551,2026-01-10,active,A
551,2026-01-11,active,A
552,2026-01-11,signup,A
552,2026-01-12,active,A
552,2026-01-13,active,A
553,2026-01-05,signup,B
553,2026-01-09,active,B
554,2026-01-04,signup,B
554,2026-01-05,active,B
554,2026-01-06,active,B
554,2026-01-07,active,B
554,2026-01-08,active,B
555,2026-01-05,signup,A
555,2026-01-08,active,A
555,2026-01-09,active,A
555,2026-01-12,active,A
556,2026-01-05,signup,A
556,2026-01-06,active,A
557,2026-01-10,signup,A
557,2026-01-11,active,A
557,2026-01-12,active,A
557,2026-01-15,active,A
558,2026-01-04,signup,B
558,2026-01-05,active,B
558,2026-01-06,active,B
558,2026-01-09,active,B
558,2026-01-10,active,B
559,2026-01-10,signup,A
559,2026-01-16,active,A
560,2026-01-10,signup,A
560,2026-01-13,active,A
561,2026-01-08,signup,B
561,2026-01-10,active,B
561,2026-01-12,active,B
562,2026-01-02,signup,B
562,2026-01-03,active,B
562,2026-01-05,active,B
562,2026-01-07,active,B
563,2026-01-11,signup,B
563,2026-01-12,active,B
563,2026-01-14,active,B
563,2026-01-15,active,B
563,2026-01-17,active,B
563,2026-01-18,active,B
564,2026-01-06,signup,B
564,2026-01-07,active,B
564,2026-01-09,active,B
565,2026-01-09,signup,B
565,2026-01-10,active,B
565,2026-01-11,active,B
565,2026-01-12,active,B
565,2026-01-13,active,B
566,2026-01-10,signup,B
566,2026-01-12,active,B
566,2026-01-14,active,B
566,2026-01-16,active,B
567,2026-01-11,signup,B
567,2026-01-13,active,B
567,2026-01-14,active,B
567,2026-01-15,active,B
567,2026-01-16,active,B
568,2026-01-02,signup,A
568,2026-01-05,active,A
569,2026-01-08,signup,B
569,2026-01-09,active,B
569,2026-01-10,active,B
569,2026-01-13,active,B
570,2026-01-09,signup,B
570,2026-01-10,active,B
570,2026-01-11,active,B
570,2026-01-15,active,B
571,2026-01-09,signup,A
571,2026-01-10,active,A
571,2026-01-11,active,A
571,2026-01-12,active,A
571,2026-01-13,active,A
572,2026-01-08,signup,B
572,2026-01-09,active,B
573,2026-01-10,signup,B
573,2026-01-11,active,B
573,2026-01-12,active,B
573,2026-01-15,active,B
574,2026-01-07,signup,B
574,2026-01-08,active,B
574,2026-01-12,active,B
574,2026-01-14,active,B
575,2026-01-05,signup,A
575,2026-01-06,active,A
575,2026-01-07,active,A
575,2026-01-08,active,A
575,2026-01-12,active,A
576,2026-01-08,signup,A
576,2026-01-09,active,A
576,2026-01-13,active,A
577,2026-01-06,signup,A
577,2026-01-07,active,A
577,2026-01-08,active,A
577,2026-01-12,active,A
578,2026-01-07,signup,A
578,2026-01-08,active,A
579,2026-01-01,signup,B
579,2026-01-04,active,B
579,2026-01-05,active,B
580,2026-01-09,signup,A
580,2026-01-12,active,A
581,2026-01-11,signup,B
581,2026-01-12,active,B
581,2026-01-13,active,B
581,2026-01-15,active,B
582,2026-01-01,signup,A
582,2026-01-02,active,A
582,2026-01-05,active,A
583,2026-01-05,signup,B
583,2026-01-06,active,B
583,2026-01-07,active,B
583,2026-01-09,active,B
583,2026-01-10,active,B
583,2026-01-11,active,B
584,2026-01-03,signup,A
584,2026-01-04,active,A
584,2026-01-06,active,A
584,2026-01-08,active,A
585,2026-01-06,signup,A
585,2026-01-07,active,A
585,2026-01-08,active,A
585,2026-01-09,active,A
585,2026-01-10,active,A
586,2026-01-10,signup,B
586,2026-01-13,active,B
587,2026-01-11,signup,A
587,2026-01-12,active,A
587,2026-01-13,active,A
587,2026-01-14,active,A
587,2026-01-15,active,A
588,2026-01-04,signup,A
588,2026-01-08,active,A
588,2026-01-09,active,A
588,2026-01-11,active,A
589,2026-01-04,signup,B
590,2026-01-08,signup,A
590,2026-01-09,active,A
590,2026-01-11,active,A
590,2026-01-12,active,A
591,2026-01-04,signup,A
591,2026-01-05,active,A
592,2026-01-01,signup,A
592,2026-01-05,active,A
593,2026-01-08,signup,A
593,2026-01-10,active,A
593,2026-01-12,active,A
594,2026-01-11,signup,B
594,2026-01-12,active,B
594,2026-01-14,active,B
594,2026-01-15,active,B
595,2026-01-11,signup,A
595,2026-01-12,active,A
595,2026-01-13,active,A
595,2026-01-15,active,A
596,2026-01-05,signup,A
596,2026-01-06,active,A
596,2026-01-07,active,A
596,2026-01-08,active,A
596,2026-01-09,active,A
597,2026-01-04,signup,A
597,2026-01-05,active,A
598,2026-01-11,signup,A
598,2026-01-12,active,A
598,2026-01-18,active,A
599,2026-01-11,signup,A
599,2026-01-12,active,A
599,2026-01-13,active,A
599,2026-01-18,active,A
600,2026-01-07,signup,B
600,2026-01-09,active,B
600,2026-01-10,active,B
600,2026-01-13,active,B
600,2026-01-14,active,B
601,2026-01-01,signup,A
601,2026-01-02,active,A
601,2026-01-06,active,A
601,2026-01-07,active,A
602,2026-01-07,signup,A
602,2026-01-08,active,A
602,2026-01-11,active,A
602,2026-01-12,active,A
602,2026-01-13,active,A
602,2026-01-14,active,A
603,2026-01-04,signup,A
603,2026-01-05,active,A
603,2026-01-06,active,A
603,2026-01-07,active,A
603,2026-01-09,active,A
604,2026-01-08,signup,B
604,2026-01-11,active,B
604,2026-01-15,active,B
605,2026-01-03,signup,A
606,2026-01-11,signup,A
606,2026-01-12,active,A
606,2026-01-14,active,A
607,2026-01-05,signup,A
607,2026-01-08,active,A
607,2026-01-10,active,A
608,2026-01-04,signup,B
608,2026-01-05,active,B
608,2026-01-08,active,B
609,2026-01-11,signup,A
609,2026-01-13,active,A
609,2026-01-14,active,A
609,2026-01-16,active,A
609,2026-01-18,active,A
610,2026-01-07,signup,A
610,2026-01-11,active,A
611,2026-01-10,signup,B
611,2026-01-11,active,B
611,2026-01-12,active,B
611,2026-01-13,active,B
611,2026-01-14,active,B
612,2026-01-06,signup,B
612,2026-01-09,active,B
612,2026-01-10,active,B
612,2026-01-11,active,B
613,2026-01-10,signup,A
613,2026-01-12,active,A
613,2026-01-13,active,A
613,2026-01-14,active,A
613,2026-01-16,active,A
613,2026-01-17,active,A
614,2026-01-07,signup,B
614,2026-01-09,active,B
614,2026-01-11,active,B
614,2026-01-12,active,B
614,2026-01-14,active,B
615,2026-01-04,signup,B
615,2026-01-05,active,B
615,2026-01-07,active,B
615,2026-01-09,active,B
615,2026-01-11,active,B
616,2026-01-10,signup,A
616,2026-01-11,active,A
616,2026-01-13,active,A
616,2026-01-14,active,A
616,2026-01-15,active,A
616,2026-01-17,active,A
617,2026-01-09,signup,B
617,2026-01-10,active,B
617,2026-01-11,active,B
617,2026-01-12,active,B
617,2026-01-16,active,B
618,2026-01-07,signup,B
618,2026-01-09,active,B
618,2026-01-11,active,B
619,2026-01-01,signup,A
619,2026-01-06,active,A
620,2026-01-09,signup,A
620,2026-01-10,active,A
620,2026-01-14,active,A
621,2026-01-07,signup,A
621,2026-01-08,active,A
621,2026-01-09,active,A
622,2026-01-09,signup,A
622,2026-01-11,active,A
622,2026-01-12,active,A
622,2026-01-13,active,A
622,2026-01-16,active,A
623,2026-01-11,signup,B
623,2026-01-12,active,B
623,2026-01-13,active,B
623,2026-01-15,active,B
623,2026-01-18,active,B
624,2026-01-08,signup,B
624,2026-01-09,active,B
624,2026-01-13,active,B
625,2026-01-08,signup,B
625,2026-01-09,active,B
625,2026-01-10,active,B
625,2026-01-11,active,B
626,2026-01-06,signup,A
626,2026-01-07,active,A
627,2026-01-02,signup,B
627,2026-01-03,active,B
627,2026-01-04,active,B
627,2026-01-05,active,B
628,2026-01-08,signup,B
628,2026-01-09,active,B
628,2026-01-10,active,B
628,2026-01-11,active,B
628,2026-01-13,active,B
629,2026-01-02,signup,B
629,2026-01-03,active,B
630,2026-01-03,signup,B
631,2026-01-09,signup,A
631,2026-01-10,active,A
631,2026-01-11,active,A
631,2026-01-12,active,A
631,2026-01-13,active,A
632,2026-01-09,signup,B
633,2026-01-07,signup,A
633,2026-01-08,active,A
633,2026-01-09,active,A
633,2026-01-10,active,A
633,2026-01-11,active,A
633,2026-01-13,active,A
634,2026-01-09,signup,B
634,2026-01-10,active,B
634,2026-01-12,active,B
634,2026-01-15,active,B
634,2026-01-16,active,B
635,2026-01-10,signup,A
635,2026-01-11,active,A
636,2026-01-10,signup,B
636,2026-01-11,active,B
636,2026-01-12,active,B
636,2026-01-15,active,B
637,2026-01-05,signup,B
637,2026-01-11,active,B
638,2026-01-04,signup,B
638,2026-01-05,active,B
638,2026-01-07,active,B
638,2026-01-08,active,B
638,2026-01-11,active,B
639,2026-01-05,signup,B
639,2026-01-06,active,B
639,2026-01-08,active,B
639,2026-01-09,active,B
640,2026-01-07,signup,B
640,2026-01-12,active,B
641,2026-01-02,signup,A
641,2026-01-05,active,A
641,2026-01-06,active,A
641,2026-01-07,active,A
641,2026-01-08,active,A
642,2026-01-03,signup,B
642,2026-01-07,active,B
642,2026-01-09,active,B
643,2026-01-08,signup,B
643,2026-01-10,active,B
644,2026-01-09,signup,A
644,2026-01-14,active,A
644,2026-01-15,active,A
645,2026-01-03,signup,A
645,2026-01-04,active,A
645,2026-01-05,active,A
646,2026-01-01,signup,A
647,2026-01-05,signup,B
647,2026-01-06,active,B
647,2026-01-11,active,B
648,2026-01-05,signup,A
648,2026-01-08,active,A
648,2026-01-09,active,A
648,2026-01-12,active,A
649,2026-01-08,signup,A
649,2026-01-10,active,A
649,2026-01-12,active,A
649,2026-01-13,active,A
650,2026-01-03,signup,B
650,2026-01-08,active,B
650,2026-01-10,active,B
651,2026-01-08,signup,B
651,2026-01-11,active,B
651,2026-01-13,active,B
652,2026-01-10,signup,B
652,2026-01-11,active,B
652,2026-01-15,active,B
653,2026-01-01,signup,A
653,2026-01-02,active,A
654,2026-01-04,signup,A
654,2026-01-11,active,A
655,2026-01-06,signup,A
655,2026-01-11,active,A
656,2026-01-11,signup,A
656,2026-01-12,active,A
656,2026-01-13,active,A
656,2026-01-14,active,A
656,2026-01-15,active,A
657,2026-01-01,signup,A
657,2026-01-02,active,A
657,2026-01-03,active,A
657,2026-01-04,active,A
658,2026-01-07,signup,B
658,2026-01-08,active,B
658,2026-01-09,active,B
658,2026-01-10,active,B
659,2026-01-01,signup,B
659,2026-01-02,active,B
660,2026-01-09,signup,B
660,2026-01-16,active,B
661,2026-01-10,signup,B
661,2026-01-11,active,B
661,2026-01-12,active,B
661,2026-01-13,active,B
661,2026-01-14,active,B
661,2026-01-17,active,B
662,2026-01-04,signup,A
662,2026-01-06,active,A
662,2026-01-07,active,A
662,2026-01-08,active,A
662,2026-01-09,active,A
662,2026-01-10,active,A
663,2026-01-02,signup,A
663,2026-01-04,active,A
663,2026-01-06,active,A
663,2026-01-08,active,A
663,2026-01-09,active,A
664,2026-01-02,signup,B
665,2026-01-05,signup,A
665,2026-01-06,active,A
665,2026-01-07,active,A
665,2026-01-08,active,A
665,2026-01-10,active,A
665,2026-01-11,active,A
666,2026-01-09,signup,B
666,2026-01-10,active,B
666,2026-01-13,active,B
666,2026-01-14,active,B
667,2026-01-05,signup,A
667,2026-01-06,active,A
667,2026-01-10,active,A
668,2026-01-06,signup,B
668,2026-01-07,active,B
668,2026-01-08,active,B
669,2026-01-05,signup,A
669,2026-01-06,active,A
669,2026-01-07,active,A
669,2026-01-11,active,A
670,2026-01-11,signup,B
670,2026-01-12,active,B
670,2026-01-17,active,B
671,2026-01-05,signup,A
671,2026-01-08,active,A
671,2026-01-12,active,A
672,2026-01-11,signup,B
672,2026-01-12,active,B
672,2026-01-13,active,B
672,2026-01-14,active,B
672,2026-01-18,active,B
673,2026-01-09,signup,A
673,2026-01-11,active,A
673,2026-01-13,active,A
673,2026-01-14,active,A
674,2026-01-04,signup,B
674,2026-01-05,active,B
674,2026-01-09,active,B
674,2026-01-11,active,B
675,2026-01-10,signup,A
675,2026-01-11,active,A
675,2026-01-14,active,A
676,2026-01-06,signup,A
676,2026-01-07,active,A
676,2026-01-08,active,A
676,2026-01-11,active,A
676,2026-01-13,active,A
677,2026-01-05,signup,A
677,2026-01-06,active,A
677,2026-01-07,active,A
677,2026-01-09,active,A
678,2026-01-01,signup,A
678,2026-01-02,active,A
678,2026-01-03,active,A
678,2026-01-07,active,A
679,2026-01-11,signup,B
679,2026-01-12,active,B
679,2026-01-13,active,B
679,2026-01-15,active,B
680,2026-01-03,signup,B
680,2026-01-05,active,B
680,2026-01-06,active,B
680,2026-01-08,active,B
680,2026-01-09,active,B
681,2026-01-07,signup,B
682,2026-01-08,signup,B
682,2026-01-10,active,B
682,2026-01-11,active,B
682,2026-01-13,active,B
683,2026-01-05,signup,B
683,2026-01-06,active,B
684,2026-01-07,signup,B
684,2026-01-11,active,B
684,2026-01-12,active,B
684,2026-01-14,active,B
685,2026-01-04,signup,A
685,2026-01-05,active,A
686,2026-01-11,signup,A
686,2026-01-13,active,A
687,2026-01-07,signup,B
687,2026-01-10,active,B
687,2026-01-12,active,B
688,2026-01-04,signup,A
688,2026-01-06,active,A
688,2026-01-07,active,A
689,2026-01-07,signup,A
689,2026-01-09,active,A
689,2026-01-11,active,A
689,2026-01-13,active,A
689,2026-01-14,active,A
690,2026-01-07,signup,A
690,2026-01-08,active,A
690,2026-01-11,active,A
690,2026-01-12,active,A
690,2026-01-13,active,A
690,2026-01-14,active,A
691,2026-01-02,signup,B
691,2026-01-05,active,B
691,2026-01-08,active,B
692,2026-01-07,signup,B
692,2026-01-10,active,B
692,2026-01-11,active,B
692,2026-01-14,active,B
693,2026-01-01,signup,A
693,2026-01-02,active,A
693,2026-01-03,active,A
693,2026-01-04,active,A
693,2026-01-05,active,A
694,2026-01-10,signup,B
694,2026-01-13,active,B
694,2026-01-15,active,B
695,2026-01-11,signup,A
695,2026-01-15,active,A
696,2026-01-04,signup,A
696,2026-01-05,active,A
696,2026-01-08,active,A
697,2026-01-09,signup,B
697,2026-01-11,active,B
697,2026-01-12,active,B
697,2026-01-14,active,B
698,2026-01-11,signup,B
698,2026-01-13,active,B
698,2026-01-14,active,B
699,2026-01-10,signup,A
699,2026-01-11,active,A
699,2026-01-12,active,A
699,2026-01-13,active,A
700,2026-01-06,signup,B
700,2026-01-07,active,B
701,2026-01-09,signup,A
701,2026-01-11,active,A
701,2026-01-16,active,A
702,2026-01-09,signup,B
702,2026-01-14,active,B
703,2026-01-05,signup,A
703,2026-01-07,active,A
703,2026-01-08,active,A
704,2026-01-07,signup,B
704,2026-01-08,active,B
704,2026-01-10,active,B
704,2026-01-11,active,B
705,2026-01-02,signup,B
705,2026-01-04,active,B
705,2026-01-06,active,B
706,2026-01-06,signup,A
706,2026-01-07,active,A
706,2026-01-08,active,A
706,2026-01-12,active,A
707,2026-01-01,signup,A
707,2026-01-03,active,A
707,2026-01-06,active,A
707,2026-01-07,active,A
708,2026-01-07,signup,B
708,2026-01-08,active,B
708,2026-01-10,active,B
708,2026-01-12,active,B
708,2026-01-13,active,B
709,2026-01-02,signup,A
709,2026-01-04,active,A
709,2026-01-05,active,A
709,2026-01-07,active,A
710,2026-01-10,signup,B
710,2026-01-13,active,B
710,2026-01-16,active,B
710,2026-01-17,active,B
711,2026-01-10,signup,A
711,2026-01-11,active,A
711,2026-01-12,active,A
711,2026-01-14,active,A
711,2026-01-17,active,A
712,2026-01-05,signup,B
712,2026-01-06,active,B
712,2026-01-08,active,B
712,2026-01-09,active,B
712,2026-01-10,active,B
713,2026-01-02,signup,B
713,2026-01-03,active,B
713,2026-01-05,active,B
713,2026-01-07,active,B
714,2026-01-09,signup,A
714,2026-01-11,active,A
714,2026-01-12,active,A
715,2026-01-08,signup,A
715,2026-01-10,active,A
716,2026-01-02,signup,A
716,2026-01-03,active,A
716,2026-01-04,active,A
716,2026-01-06,active,A
716,2026-01-08,active,A
717,2026-01-10,signup,B
717,2026-01-12,active,B
718,2026-01-08,signup,A
718,2026-01-10,active,A
719,2026-01-05,signup,A
719,2026-01-07,active,A
719,2026-01-08,active,A
720,2026-01-06,signup,A
720,2026-01-07,active,A
720,2026-01-09,active,A
720,2026-01-12,active,A
721,2026-01-01,signup,B
721,2026-01-02,active,B
721,2026-01-05,active,B
721,2026-01-07,active,B
722,2026-01-04,signup,A
723,2026-01-05,signup,B
723,2026-01-07,active,B
723,2026-01-11,active,B
723,2026-01-12,active,B
724,2026-01-04,signup,B
724,2026-01-06,active,B
724,2026-01-09,active,B
725,2026-01-10,signup,B
725,2026-01-16,active,B
726,2026-01-08,signup,A
726,2026-01-12,active,A
727,2026-01-09,signup,B
727,2026-01-10,active,B
727,2026-01-12,active,B
727,2026-01-15,active,B
727,2026-01-16,active,B
728,2026-01-06,signup,B
728,2026-01-07,active,B
728,2026-01-09,active,B
728,2026-01-10,active,B
728,2026-01-13,active,B
729,2026-01-01,signup,A
729,2026-01-03,active,A
729,2026-01-04,active,A
730,2026-01-07,signup,A
730,2026-01-10,active,A
730,2026-01-12,active,A
730,2026-01-13,active,A
731,2026-01-07,signup,B
731,2026-01-08,active,B
731,2026-01-09,active,B
731,2026-01-11,active,B
732,2026-01-05,signup,B
732,2026-01-07,active,B
732,2026-01-11,active,B
733,2026-01-07,signup,A
733,2026-01-08,active,A
733,2026-01-11,active,A
733,2026-01-12,active,A
734,2026-01-06,signup,A
734,2026-01-07,active,A
734,2026-01-10,active,A
735,2026-01-08,signup,A
735,2026-01-09,active,A
736,2026-01-09,signup,B
736,2026-01-10,active,B
736,2026-01-12,active,B
736,2026-01-15,active,B
737,2026-01-06,signup,A
737,2026-01-07,active,A
737,2026-01-09,active,A
737,2026-01-10,active,A
737,2026-01-11,active,A
738,2026-01-03,signup,B
738,2026-01-04,active,B
738,2026-01-10,active,B
739,2026-01-10,signup,A
739,2026-01-13,active,A
739,2026-01-15,active,A
740,2026-01-08,signup,A
740,2026-01-09,active,A
740,2026-01-12,active,A
740,2026-01-13,active,A
740,2026-01-14,active,A
741,2026-01-01,signup,B
741,2026-01-02,active,B
741,2026-01-03,active,B
741,2026-01-08,active,B
742,2026-01-08,signup,B
742,2026-01-09,active,B
743,2026-01-11,signup,B
743,2026-01-12,active,B
743,2026-01-17,active,B
744,2026-01-04,signup,A
744,2026-01-06,active,A
744,2026-01-07,active,A
744,2026-01-08,active,A
744,2026-01-09,active,A
745,2026-01-03,signup,B
745,2026-01-04,active,B
745,2026-01-05,active,B
745,2026-01-06,active,B
745,2026-01-10,active,B
746,2026-01-05,signup,B
746,2026-01-06,active,B
746,2026-01-09,active,B
746,2026-01-12,active,B
747,2026-01-10,signup,B
747,2026-01-11,active,B
748,2026-01-09,signup,A
748,2026-01-12,active,A
749,2026-01-05,signup,A
749,2026-01-06,active,A
749,2026-01-09,active,A
750,2026-01-04,signup,A
750,2026-01-05,active,A
750,2026-01-08,active,A
750,2026-01-10,active,A
751,2026-01-04,signup,A
751,2026-01-05,active,A
751,2026-01-07,active,A
752,2026-01-06,signup,A
752,2026-01-09,active,A
752,2026-01-10,active,A
752,2026-01-11,active,A
753,2026-01-02,signup,B
753,2026-01-03,active,B
754,2026-01-01,signup,A
754,2026-01-05,active,A
754,2026-01-06,active,A
755,2026-01-02,signup,A
755,2026-01-03,active,A
755,2026-01-04,active,A
755,2026-01-05,active,A
755,2026-01-07,active,A
755,2026-01-09,active,A
756,2026-01-06,signup,A
756,2026-01-10,active,A
757,2026-01-01,signup,A
757,2026-01-03,active,A
757,2026-01-04,active,A
757,2026-01-05,active,A
757,2026-01-07,active,A
758,2026-01-01,signup,A
758,2026-01-03,active,A
758,2026-01-04,active,A
758,2026-01-06,active,A
758,2026-01-07,active,A
759,2026-01-02,signup,B
759,2026-01-05,active,B
759,2026-01-06,active,B
759,2026-01-09,active,B
760,2026-01-05,signup,A
760,2026-01-06,active,A
760,2026-01-10,active,A
760,2026-01-12,active,A
761,2026-01-09,signup,A
761,2026-01-11,active,A
761,2026-01-13,active,A
761,2026-01-16,active,A
762,2026-01-11,signup,B
762,2026-01-12,active,B
762,2026-01-14,active,B
763,2026-01-05,signup,B
763,2026-01-08,active,B
763,2026-01-10,active,B
763,2026-01-12,active,B
764,2026-01-01,signup,B
764,2026-01-03,active,B
764,2026-01-06,active,B
765,2026-01-08,signup,A
765,2026-01-09,active,A
765,2026-01-10,active,A
765,2026-01-11,active,A
765,2026-01-14,active,A
766,2026-01-04,signup,B
766,2026-01-05,active,B
767,2026-01-07,signup,B
767,2026-01-08,active,B
767,2026-01-09,active,B
768,2026-01-11,signup,B
768,2026-01-12,active,B
768,2026-01-16,active,B
768,2026-01-17,active,B
769,2026-01-04,signup,B
769,2026-01-09,active,B
769,2026-01-10,active,B
769,2026-01-11,active,B
770,2026-01-09,signup,B
770,2026-01-13,active,B
770,2026-01-14,active,B
770,2026-01-15,active,B
771,2026-01-06,signup,A
771,2026-01-07,active,A
771,2026-01-08,active,A
771,2026-01-09,active,A
771,2026-01-10,active,A
771,2026-01-11,active,A
772,2026-01-11,signup,A
772,2026-01-12,active,A
772,2026-01-14,active,A
772,2026-01-17,active,A
772,2026-01-18,active,A
773,2026-01-04,signup,A
773,2026-01-05,active,A
773,2026-01-06,active,A
773,2026-01-07,active,A
774,2026-01-01,signup,B
774,2026-01-03,active,B
774,2026-01-05,active,B
774,2026-01-06,active,B
774,2026-01-07,active,B
774,2026-01-08,active,B
775,2026-01-02,signup,A
775,2026-01-05,active,A
776,2026-01-08,signup,B
776,2026-01-09,active,B
776,2026-01-10,active,B
776,2026-01-12,active,B
776,2026-01-14,active,B
777,2026-01-09,signup,A
777,2026-01-15,active,A
778,2026-01-01,signup,B
778,2026-01-05,active,B
778,2026-01-08,active,B
779,2026-01-11,signup,B
779,2026-01-12,active,B
779,2026-01-13,active,B
779,2026-01-15,active,B
779,2026-01-17,active,B
780,2026-01-02,signup,A
780,2026-01-03,active,A
780,2026-01-08,active,A
781,2026-01-09,signup,B
782,2026-01-04,signup,B
782,2026-01-05,active,B
782,2026-01-10,active,B
783,2026-01-05,signup,B
783,2026-01-09,active,B
783,2026-01-10,active,B
783,2026-01-11,active,B
784,2026-01-04,signup,A
784,2026-01-05,active,A
784,2026-01-07,active,A
784,2026-01-08,active,A
784,2026-01-10,active,A
785,2026-01-07,signup,B
785,2026-01-08,active,B
785,2026-01-10,active,B
786,2026-01-10,signup,B
786,2026-01-11,active,B
786,2026-01-15,active,B
786,2026-01-16,active,B
786,2026-01-17,active,B
787,2026-01-10,signup,B
788,2026-01-08,signup,A
789,2026-01-07,signup,A
789,2026-01-09,active,A
789,2026-01-10,active,A
789,2026-01-12,active,A
790,2026-01-01,signup,B
790,2026-01-05,active,B
791,2026-01-08,signup,A
791,2026-01-12,active,A
792,2026-01-06,signup,B
792,2026-01-07,active,B
792,2026-01-08,active,B
792,2026-01-09,active,B
792,2026-01-13,active,B
793,2026-01-08,signup,B
793,2026-01-09,active,B
793,2026-01-10,active,B
794,2026-01-02,signup,A
794,2026-01-04,active,A
794,2026-01-08,active,A
795,2026-01-08,signup,B
795,2026-01-12,active,B
795,2026-01-15,active,B
796,2026-01-05,signup,B
796,2026-01-06,active,B
796,2026-01-07,active,B
797,2026-01-02,signup,B
797,2026-01-04,active,B
797,2026-01-08,active,B
798,2026-01-08,signup,B
798,2026-01-09,active,B
798,2026-01-10,active,B
799,2026-01-11,signup,B
799,2026-01-15,active,B
800,2026-01-04,signup,B
800,2026-01-05,active,B
800,2026-01-06,active,B
800,2026-01-07,active,B
800,2026-01-10,active,B
